Club,Elo,From,To
Sheffield United,1351.93554688,2017-07-01,2017-07-27
Sheffield United,1351.94885254,2017-07-28,2017-08-03
Sheffield United,1352.27099609,2017-08-04,2017-08-05
Sheffield United,1362.05969238,2017-08-06,2017-08-12
Sheffield United,1359.49108887,2017-08-13,2017-08-15
Sheffield United,1357.44628906,2017-08-16,2017-08-17
Sheffield United,1358.61572266,2017-08-18,2017-08-19
Sheffield United,1366.07592773,2017-08-20,2017-08-23
Sheffield United,1367.63464355,2017-08-24,2017-08-24
Sheffield United,1367.92919922,2017-08-25,2017-08-26
Sheffield United,1381.89990234,2017-08-27,2017-09-09
Sheffield United,1395.57788086,2017-09-10,2017-09-12
Sheffield United,1405.4197998,2017-09-13,2017-09-13
Sheffield United,1409.15161133,2017-09-14,2017-09-14
Sheffield United,1406.31494141,2017-09-15,2017-09-16
Sheffield United,1398.9630127,2017-09-17,2017-09-24
Sheffield United,1417.97619629,2017-09-25,2017-09-26
Sheffield United,1420.53527832,2017-09-27,2017-09-27
Sheffield United,1440.58911133,2017-09-28,2017-09-28
Sheffield United,1438.98571777,2017-09-29,2017-09-30
Sheffield United,1432.51855469,2017-10-01,2017-10-14
Sheffield United,1439.76013184,2017-10-15,2017-10-17
Sheffield United,1445.08190918,2017-10-18,2017-10-18
Sheffield United,1445.5012207,2017-10-19,2017-10-19
Sheffield United,1443.06115723,2017-10-20,2017-10-21
Sheffield United,1451.3527832,2017-10-22,2017-10-27
Sheffield United,1463.64880371,2017-10-28,2017-10-31
Sheffield United,1454.37939453,2017-11-01,2017-11-01
Sheffield United,1462.57116699,2017-11-02,2017-11-02
Sheffield United,1457.23828125,2017-11-03,2017-11-04
Sheffield United,1471.87475586,2017-11-05,2017-11-17
Sheffield United,1482.24975586,2017-11-18,2017-11-21
Sheffield United,1476.26635742,2017-11-22,2017-11-22
Sheffield United,1473.45874023,2017-11-23,2017-11-23
Sheffield United,1462.90844727,2017-11-24,2017-11-25
Sheffield United,1458.79016113,2017-11-26,2017-12-02
Sheffield United,1446.70324707,2017-12-03,2017-12-05
Sheffield United,1446.73303223,2017-12-06,2017-12-06
Sheffield United,1445.99108887,2017-12-07,2017-12-07
Sheffield United,1449.86791992,2017-12-08,2017-12-08
Sheffield United,1442.02807617,2017-12-09,2017-12-16
Sheffield United,1436.69641113,2017-12-17,2017-12-23
Sheffield United,1440.73352051,2017-12-24,2017-12-26
Sheffield United,1453.28527832,2017-12-27,2017-12-30
Sheffield United,1441.57287598,2017-12-31,2018-01-01
Sheffield United,1446.55432129,2018-01-02,2018-01-12
Sheffield United,1445.81872559,2018-01-13,2018-01-20
Sheffield United,1456.88037109,2018-01-21,2018-01-30
Sheffield United,1449.88024902,2018-01-31,2018-02-03
Sheffield United,1443.11804199,2018-02-04,2018-02-10
Sheffield United,1451.08117676,2018-02-11,2018-02-13
Sheffield United,1453.9699707,2018-02-14,2018-02-14
Sheffield United,1458.01135254,2018-02-15,2018-02-15
Sheffield United,1458.5769043,2018-02-16,2018-02-20
Sheffield United,1464.52331543,2018-02-21,2018-02-21
Sheffield United,1464.43640137,2018-02-22,2018-02-22
Sheffield United,1464.28833008,2018-02-23,2018-02-23
Sheffield United,1458.18066406,2018-02-24,2018-02-27
Sheffield United,1471.52868652,2018-02-28,2018-03-06
Sheffield United,1464.90405273,2018-03-07,2018-03-07
Sheffield United,1459.70581055,2018-03-08,2018-03-08
Sheffield United,1462.96081543,2018-03-09,2018-03-10
Sheffield United,1465.26318359,2018-03-11,2018-03-13
Sheffield United,1465.66308594,2018-03-14,2018-03-14
Sheffield United,1463.65856934,2018-03-15,2018-03-15
Sheffield United,1464.76208496,2018-03-16,2018-03-17
Sheffield United,1462.23828125,2018-03-18,2018-03-30
Sheffield United,1465.03417969,2018-03-31,2018-04-02
Sheffield United,1466.92944336,2018-04-03,2018-04-05
Sheffield United,1470.51989746,2018-04-06,2018-04-07
Sheffield United,1461.67211914,2018-04-08,2018-04-10
Sheffield United,1470.97631836,2018-04-11,2018-04-12
Sheffield United,1471.27233887,2018-04-13,2018-04-14
Sheffield United,1471.07592773,2018-04-15,2018-04-21
Sheffield United,1462.1270752,2018-04-22,2018-04-24
Sheffield United,1465.16931152,2018-04-25,2018-04-26
Sheffield United,1464.48779297,2018-04-27,2018-04-28
Sheffield United,1456.03125,2018-04-29,2018-05-02
Sheffield United,1455.12109375,2018-05-03,2018-05-03
Sheffield United,1453.56738281,2018-05-04,2018-05-06
Sheffield United,1463.93969727,2018-05-07,2018-05-26
Sheffield United,1461.41784668,2018-05-27,2018-07-26
Sheffield United,1461.43554688,2018-07-27,2018-08-02
Sheffield United,1462.36279297,2018-08-03,2018-08-04
Sheffield United,1456.60559082,2018-08-05,2018-08-07
Sheffield United,1449.3951416,2018-08-08,2018-08-09
Sheffield United,1449.79626465,2018-08-10,2018-08-11
Sheffield United,1459.06054688,2018-08-12,2018-08-16
Sheffield United,1461.80224609,2018-08-17,2018-08-18
Sheffield United,1468.32336426,2018-08-19,2018-08-23
Sheffield United,1464.56811523,2018-08-24,2018-08-25
Sheffield United,1478.44250488,2018-08-26,2018-08-30
Sheffield United,1475.95812988,2018-08-31,2018-09-01
Sheffield United,1491.37731934,2018-09-02,2018-09-15
Sheffield United,1485.01293945,2018-09-16,2018-09-18
Sheffield United,1483.17407227,2018-09-19,2018-09-19
Sheffield United,1477.23718262,2018-09-20,2018-09-20
Sheffield United,1479.56359863,2018-09-21,2018-09-22
Sheffield United,1485.6451416,2018-09-23,2018-09-29
Sheffield United,1494.98413086,2018-09-30,2018-10-02
Sheffield United,1494.91503906,2018-10-03,2018-10-03
Sheffield United,1499.35925293,2018-10-04,2018-10-04
Sheffield United,1501.20910645,2018-10-05,2018-10-06
Sheffield United,1505.93322754,2018-10-07,2018-10-20
Sheffield United,1499.24291992,2018-10-21,2018-10-23
Sheffield United,1499.88452148,2018-10-24,2018-10-24
Sheffield United,1499.95031738,2018-10-25,2018-10-25
Sheffield United,1502.57043457,2018-10-26,2018-10-27
Sheffield United,1508.7755127,2018-10-28,2018-11-03
Sheffield United,1501.1895752,2018-11-04,2018-11-06
Sheffield United,1496.22387695,2018-11-07,2018-11-07
Sheffield United,1502.21630859,2018-11-08,2018-11-08
Sheffield United,1501.02807617,2018-11-09,2018-11-09
Sheffield United,1497.91931152,2018-11-10,2018-11-24
Sheffield United,1496.5645752,2018-11-25,2018-11-27
Sheffield United,1504.92163086,2018-11-28,2018-11-28
Sheffield United,1504.02502441,2018-11-29,2018-11-29
Sheffield United,1506.59863281,2018-11-30,2018-12-01
Sheffield United,1497.4432373,2018-12-02,2018-12-08
Sheffield United,1507.41772461,2018-12-09,2018-12-11
Sheffield United,1510.56359863,2018-12-12,2018-12-12
Sheffield United,1508.54492188,2018-12-13,2018-12-13
Sheffield United,1506.33581543,2018-12-14,2018-12-14
Sheffield United,1498.95214844,2018-12-15,2018-12-22
Sheffield United,1497.27844238,2018-12-23,2018-12-26
Sheffield United,1507.89489746,2018-12-27,2018-12-29
Sheffield United,1515.46520996,2018-12-30,2019-01-01
Sheffield United,1525.44787598,2019-01-02,2019-01-12
Sheffield United,1530.95532227,2019-01-13,2019-01-19
Sheffield United,1524.38269043,2019-01-20,2019-01-26
Sheffield United,1526.70275879,2019-01-27,2019-02-02
Sheffield United,1530.40673828,2019-02-03,2019-02-08
Sheffield United,1532.27319336,2019-02-09,2019-02-12
Sheffield United,1528.30297852,2019-02-13,2019-02-13
Sheffield United,1539.27160645,2019-02-14,2019-02-14
Sheffield United,1538.25390625,2019-02-15,2019-02-16
Sheffield United,1545.18383789,2019-02-17,2019-02-19
Sheffield United,1544.55200195,2019-02-20,2019-02-20
Sheffield United,1545.20556641,2019-02-21,2019-02-21
Sheffield United,1548.19433594,2019-02-22,2019-02-23
Sheffield United,1559.13256836,2019-02-24,2019-03-04
Sheffield United,1558.69494629,2019-03-05,2019-03-05
Sheffield United,1560.15759277,2019-03-06,2019-03-06
Sheffield United,1567.01220703,2019-03-07,2019-03-07
Sheffield United,1565.22607422,2019-03-08,2019-03-09
Sheffield United,1568.97473145,2019-03-10,2019-03-12
Sheffield United,1576.99938965,2019-03-13,2019-03-13
Sheffield United,1582.39001465,2019-03-14,2019-03-14
Sheffield United,1588.56787109,2019-03-15,2019-03-16
Sheffield United,1597.9777832,2019-03-17,2019-03-22
Sheffield United,1597.9777832,2019-03-23,2019-03-30
Sheffield United,1586.14746094,2019-03-31,2019-04-06
Sheffield United,1595.02087402,2019-04-07,2019-04-07
Sheffield United,1595.02087402,2019-04-08,2019-04-09
Sheffield United,1596.49328613,2019-04-10,2019-04-10
Sheffield United,1593.60681152,2019-04-11,2019-04-11
Sheffield United,1597.47924805,2019-04-12,2019-04-13
Sheffield United,1592.109375,2019-04-14,2019-04-16
Sheffield United,1590.29321289,2019-04-17,2019-04-17
Sheffield United,1591.6673584,2019-04-18,2019-04-18
Sheffield United,1593.8458252,2019-04-19,2019-04-19
Sheffield United,1599.12145996,2019-04-20,2019-04-21
Sheffield United,1599.12145996,2019-04-22,2019-04-22
Sheffield United,1611.91015625,2019-04-23,2019-04-23
Sheffield United,1611.91015625,2019-04-24,2019-04-26
Sheffield United,1611.91015625,2019-04-27,2019-04-27
Sheffield United,1614.64575195,2019-04-28,2019-04-28
Sheffield United,1614.64575195,2019-04-29,2019-04-30
Sheffield United,1611.24438477,2019-05-01,2019-05-01
Sheffield United,1607.29162598,2019-05-02,2019-05-02
Sheffield United,1610.56787109,2019-05-03,2019-05-05
Sheffield United,1609.73034668,2019-05-06,2019-05-07
Sheffield United,1617.56384277,2019-05-08,2019-05-08
Sheffield United,1622.6541748,2019-05-09,2019-05-09
Sheffield United,1623.55578613,2019-05-10,2019-05-10
Sheffield United,1623.55578613,2019-05-11,2019-05-18
Sheffield United,1623.55578613,2019-05-19,2019-07-01
Sheffield United,1623.55578613,2019-07-02,2019-07-18
Sheffield United,1623.55578613,2019-07-19,2019-07-25
Sheffield United,1623.56713867,2019-07-26,2019-07-27
Sheffield United,1623.56713867,2019-07-28,2019-07-30
Sheffield United,1623.56713867,2019-07-31,2019-08-01
Sheffield United,1623.57434082,2019-08-02,2019-08-08
Sheffield United,1623.74536133,2019-08-09,2019-08-10
Sheffield United,1627.45324707,2019-08-11,2019-08-11
Sheffield United,1627.45324707,2019-08-12,2019-08-15
Sheffield United,1627.55615234,2019-08-16,2019-08-17
Sheffield United,1627.55615234,2019-08-18,2019-08-18
Sheffield United,1637.00256348,2019-08-19,2019-08-20
Sheffield United,1637.00256348,2019-08-21,2019-08-22
Sheffield United,1639.97070312,2019-08-23,2019-08-24
Sheffield United,1632.89685059,2019-08-25,2019-08-25
Sheffield United,1632.89685059,2019-08-26,2019-08-28
Sheffield United,1632.89685059,2019-08-29,2019-08-29
Sheffield United,1634.08447266,2019-08-30,2019-08-31
Sheffield United,1641.10388184,2019-09-01,2019-09-01
Sheffield United,1641.10388184,2019-09-02,2019-09-14
Sheffield United,1632.60900879,2019-09-15,2019-09-15
Sheffield United,1632.60900879,2019-09-16,2019-09-17
Sheffield United,1623.12036133,2019-09-18,2019-09-18
Sheffield United,1624.36047363,2019-09-19,2019-09-19
Sheffield United,1624.59509277,2019-09-20,2019-09-21
Sheffield United,1642.6105957,2019-09-22,2019-09-24
Sheffield United,1642.6105957,2019-09-25,2019-09-25
Sheffield United,1642.6105957,2019-09-26,2019-09-28
Sheffield United,1641.03234863,2019-09-29,2019-09-29
Sheffield United,1641.03234863,2019-09-30,2019-10-01
Sheffield United,1635.40478516,2019-10-02,2019-10-02
Sheffield United,1637.71948242,2019-10-03,2019-10-03
Sheffield United,1639.50512695,2019-10-04,2019-10-04
Sheffield United,1639.50512695,2019-10-05,2019-10-05
Sheffield United,1641.37866211,2019-10-06,2019-10-06
Sheffield United,1641.37866211,2019-10-07,2019-10-18
Sheffield United,1641.37866211,2019-10-19,2019-10-19
Sheffield United,1641.37866211,2019-10-20,2019-10-21
Sheffield United,1653.6673584,2019-10-22,2019-10-22
Sheffield United,1656.80773926,2019-10-23,2019-10-23
Sheffield United,1660.8605957,2019-10-24,2019-10-24
Sheffield United,1662.80358887,2019-10-25,2019-10-25
Sheffield United,1662.80358887,2019-10-26,2019-10-26
Sheffield United,1666.6862793,2019-10-27,2019-10-31
Sheffield United,1666.6862793,2019-11-01,2019-11-02
Sheffield United,1679.20483398,2019-11-03,2019-11-05
Sheffield United,1678.51171875,2019-11-06,2019-11-06
Sheffield United,1678.0970459,2019-11-07,2019-11-07
Sheffield United,1679.02478027,2019-11-08,2019-11-09
Sheffield United,1685.03564453,2019-11-10,2019-11-10
Sheffield United,1685.03564453,2019-11-11,2019-11-23
Sheffield United,1685.03564453,2019-11-24,2019-11-24
Sheffield United,1687.52453613,2019-11-25,2019-11-26
Sheffield United,1686.47216797,2019-11-27,2019-11-27
Sheffield United,1683.77746582,2019-11-28,2019-11-28
Sheffield United,1674.70056152,2019-11-29,2019-12-01
Sheffield United,1678.54516602,2019-12-02,2019-12-05
Sheffield United,1665.66320801,2019-12-06,2019-12-06
Sheffield United,1665.66320801,2019-12-07,2019-12-08
Sheffield United,1673.58630371,2019-12-09,2019-12-10
Sheffield United,1675.77819824,2019-12-11,2019-12-11
Sheffield United,1675.52441406,2019-12-12,2019-12-12
Sheffield United,1677.64453125,2019-12-13,2019-12-13
Sheffield United,1677.64453125,2019-12-14,2019-12-14
Sheffield United,1685.52648926,2019-12-15,2019-12-17
Sheffield United,1685.52648926,2019-12-18,2019-12-21
Sheffield United,1694.46057129,2019-12-22,2019-12-22
Sheffield United,1694.46057129,2019-12-23,2019-12-26
Sheffield United,1691.62390137,2019-12-27,2019-12-28
Sheffield United,1691.62390137,2019-12-29,2019-12-29
Sheffield United,1689.63024902,2019-12-30,2020-01-02
Sheffield United,1688.32421875,2020-01-03,2020-01-10
Sheffield United,1695.27478027,2020-01-11,2020-01-11
Sheffield United,1695.27478027,2020-01-12,2020-01-18
Sheffield United,1699.68200684,2020-01-19,2020-01-19
Sheffield United,1699.68200684,2020-01-20,2020-01-21
Sheffield United,1696.93310547,2020-01-22,2020-01-25
Sheffield United,1696.93310547,2020-01-26,2020-02-01
Sheffield United,1707.51635742,2020-02-02,2020-02-07
Sheffield United,1707.51635742,2020-02-08,2020-02-08
Sheffield United,1707.51635742,2020-02-09,2020-02-09
Sheffield United,1713.08166504,2020-02-10,2020-02-18
Sheffield United,1710.74462891,2020-02-19,2020-02-19
Sheffield United,1707.94885254,2020-02-20,2020-02-20
Sheffield United,1713.69445801,2020-02-21,2020-02-22
Sheffield United,1710.65039062,2020-02-23,2020-02-23
Sheffield United,1710.65039062,2020-02-24,2020-02-25
Sheffield United,1707.74768066,2020-02-26,2020-02-26
Sheffield United,1709.59533691,2020-02-27,2020-02-27
Sheffield United,1708.00634766,2020-02-28,2020-02-28
Sheffield United,1708.00634766,2020-02-29,2020-02-29
Sheffield United,1708.00634766,2020-03-01,2020-03-07
Sheffield United,1712.60498047,2020-03-08,2020-03-10
Sheffield United,1708.9753418,2020-03-11,2020-03-11
Sheffield United,1701.96679688,2020-03-12,2020-03-12
Sheffield United,1706.29711914,2020-03-13,2020-06-11
Sheffield United,1706.29711914,2020-06-12,2020-06-17
Sheffield United,1704.81323242,2020-06-18,2020-06-20
Sheffield United,1704.81323242,2020-06-21,2020-06-21
Sheffield United,1692.14135742,2020-06-22,2020-06-24
Sheffield United,1686.14624023,2020-06-25,2020-06-28
Sheffield United,1686.14624023,2020-06-29,2020-06-30
Sheffield United,1686.14624023,2020-07-01,2020-07-02
Sheffield United,1700.34838867,2020-07-03,2020-07-04
Sheffield United,1700.34838867,2020-07-05,2020-07-05
Sheffield United,1702.30285645,2020-07-06,2020-07-08
Sheffield United,1711.59411621,2020-07-09,2020-07-11
Sheffield United,1729.40380859,2020-07-12,2020-07-12
Sheffield United,1729.40380859,2020-07-13,2020-07-13
Sheffield United,1729.40380859,2020-07-14,2020-07-16
Sheffield United,1721.35083008,2020-07-17,2020-07-20
Sheffield United,1712.30541992,2020-07-21,2020-07-21
Sheffield United,1712.30541992,2020-07-22,2020-07-26
Sheffield United,1702.71057129,2020-07-27,2020-08-05
Sheffield United,1701.7208252,2020-08-06,2020-08-06
Sheffield United,1704.0982666,2020-08-07,2020-08-07
Sheffield United,1705.33325195,2020-08-08,2020-08-08
Sheffield United,1704.96948242,2020-08-09,2020-08-10
Sheffield United,1705.63586426,2020-08-11,2020-08-11
Sheffield United,1703.32373047,2020-08-12,2020-08-13
Sheffield United,1703.32373047,2020-08-14,2020-08-14
Sheffield United,1703.32373047,2020-08-15,2020-08-15
Sheffield United,1696.60644531,2020-08-16,2020-08-16
Sheffield United,1693.6763916,2020-08-17,2020-09-13
Sheffield United,1693.6763916,2020-09-14,2020-09-14
Sheffield United,1683.66906738,2020-09-15,2020-09-17
Sheffield United,1684.03930664,2020-09-18,2020-09-19
Sheffield United,1684.03930664,2020-09-20,2020-09-21
Sheffield United,1675.16088867,2020-09-22,2020-09-24
Sheffield United,1675.4967041,2020-09-25,2020-09-27
Sheffield United,1665.32885742,2020-09-28,2020-09-30
Sheffield United,1665.32885742,2020-10-01,2020-10-01
Sheffield United,1666.13818359,2020-10-02,2020-10-04
Sheffield United,1662.17553711,2020-10-05,2020-10-18
Sheffield United,1658.63964844,2020-10-19,2020-10-20
Sheffield United,1662.32861328,2020-10-21,2020-10-21
Sheffield United,1664.85913086,2020-10-22,2020-10-22
Sheffield United,1669.06201172,2020-10-23,2020-10-24
Sheffield United,1667.35107422,2020-10-25,2020-10-27
Sheffield United,1669.63195801,2020-10-28,2020-10-28
Sheffield United,1676.93395996,2020-10-29,2020-10-29
Sheffield United,1674.0703125,2020-10-30,2020-10-30
Sheffield United,1674.0703125,2020-10-31,2020-10-31
Sheffield United,1671.59057617,2020-11-01,2020-11-01
Sheffield United,1671.59057617,2020-11-02,2020-11-02
Sheffield United,1671.59057617,2020-11-03,2020-11-03
Sheffield United,1676.24755859,2020-11-04,2020-11-04
Sheffield United,1673.11950684,2020-11-05,2020-11-05
Sheffield United,1676.97277832,2020-11-06,2020-11-06
Sheffield United,1676.97277832,2020-11-07,2020-11-07
Sheffield United,1671.26123047,2020-11-08,2020-11-08
Sheffield United,1671.26123047,2020-11-09,2020-11-21
Sheffield United,1671.26123047,2020-11-22,2020-11-22
Sheffield United,1664.27941895,2020-11-23,2020-11-24
Sheffield United,1666.33032227,2020-11-25,2020-11-25
Sheffield United,1661.12817383,2020-11-26,2020-11-26
Sheffield United,1662.57763672,2020-11-27,2020-11-28
Sheffield United,1653.21105957,2020-11-29,2020-11-29
Sheffield United,1653.21105957,2020-11-30,2020-12-01
Sheffield United,1652.78894043,2020-12-02,2020-12-02
Sheffield United,1654.28796387,2020-12-03,2020-12-03
Sheffield United,1649.79724121,2020-12-04,2020-12-06
Sheffield United,1644.41210938,2020-12-07,2020-12-07
Sheffield United,1644.41210938,2020-12-08,2020-12-08
Sheffield United,1639.85009766,2020-12-09,2020-12-09
Sheffield United,1638.43640137,2020-12-10,2020-12-10
Sheffield United,1640.25109863,2020-12-11,2020-12-11
Sheffield United,1640.25109863,2020-12-12,2020-12-12
Sheffield United,1640.25109863,2020-12-13,2020-12-13
Sheffield United,1632.52331543,2020-12-14,2020-12-16
Sheffield United,1632.52331543,2020-12-17,2020-12-17
Sheffield United,1628.87817383,2020-12-18,2020-12-20
Sheffield United,1630.92272949,2020-12-21,2020-12-22
Sheffield United,1630.92272949,2020-12-23,2020-12-26
Sheffield United,1625.36425781,2020-12-27,2020-12-27
Sheffield United,1625.36425781,2020-12-28,2020-12-29
Sheffield United,1620.09265137,2020-12-30,2021-01-02
Sheffield United,1612.2845459,2021-01-03,2021-01-03
Sheffield United,1612.2845459,2021-01-04,2021-01-06
Sheffield United,1612.2845459,2021-01-07,2021-01-12
Sheffield United,1621.51782227,2021-01-13,2021-01-13
Sheffield United,1621.51782227,2021-01-14,2021-01-15
Sheffield United,1621.51782227,2021-01-16,2021-01-16
Sheffield United,1621.51782227,2021-01-17,2021-01-17
Sheffield United,1616.33154297,2021-01-18,2021-01-19
Sheffield United,1616.33154297,2021-01-20,2021-01-20
Sheffield United,1616.33154297,2021-01-21,2021-01-27
Sheffield United,1631.07202148,2021-01-28,2021-01-29
Sheffield United,1631.07202148,2021-01-30,2021-01-30
Sheffield United,1629.71191406,2021-01-31,2021-01-31
Sheffield United,1629.71191406,2021-02-01,2021-02-01
Sheffield United,1629.71191406,2021-02-02,2021-02-02
Sheffield United,1635.52819824,2021-02-03,2021-02-03
Sheffield United,1635.52819824,2021-02-04,2021-02-06
Sheffield United,1635.52819824,2021-02-07,2021-02-07
Sheffield United,1631.75354004,2021-02-08,2021-02-13
Sheffield United,1631.75354004,2021-02-14,2021-02-14
Sheffield United,1631.75354004,2021-02-15,2021-02-15
Sheffield United,1624.03503418,2021-02-16,2021-02-16
Sheffield United,1627.68737793,2021-02-17,2021-02-18
Sheffield United,1631.98217773,2021-02-19,2021-02-20
Sheffield United,1624.53417969,2021-02-21,2021-02-21
Sheffield United,1624.53417969,2021-02-22,2021-02-23
Sheffield United,1627.25695801,2021-02-24,2021-02-24
Sheffield United,1628.77429199,2021-02-25,2021-02-25
Sheffield United,1623.27856445,2021-02-26,2021-02-27
Sheffield United,1623.27856445,2021-02-28,2021-02-28
Sheffield United,1619.51647949,2021-03-01,2021-03-03
Sheffield United,1629.86962891,2021-03-04,2021-03-05
Sheffield United,1629.86962891,2021-03-06,2021-03-06
Sheffield United,1619.97192383,2021-03-07,2021-03-07
Sheffield United,1619.97192383,2021-03-08,2021-03-10
Sheffield United,1622.35974121,2021-03-11,2021-03-11
Sheffield United,1625.75024414,2021-03-12,2021-03-12
Sheffield United,1625.75024414,2021-03-13,2021-03-13
Sheffield United,1625.75024414,2021-03-14,2021-03-14
Sheffield United,1618.24133301,2021-03-15,2021-03-16
Sheffield United,1618.39367676,2021-03-17,2021-03-17
Sheffield United,1622.36767578,2021-03-18,2021-03-18
Sheffield United,1616.64477539,2021-03-19,2021-04-01
Sheffield United,1616.64477539,2021-04-02,2021-04-03
Sheffield United,1611.5189209,2021-04-04,2021-04-04
Sheffield United,1611.5189209,2021-04-05,2021-04-05
Sheffield United,1611.5189209,2021-04-06,2021-04-06
Sheffield United,1608.42431641,2021-04-07,2021-04-07
Sheffield United,1611.67993164,2021-04-08,2021-04-08
Sheffield United,1611.98046875,2021-04-09,2021-04-09
Sheffield United,1611.98046875,2021-04-10,2021-04-11
Sheffield United,1605.5357666,2021-04-12,2021-04-13
Sheffield United,1604.62072754,2021-04-14,2021-04-14
Sheffield United,1604.46728516,2021-04-15,2021-04-15
Sheffield United,1610.0333252,2021-04-16,2021-04-16
Sheffield United,1610.0333252,2021-04-17,2021-04-17
Sheffield United,1606.05847168,2021-04-18,2021-04-18
Sheffield United,1606.05847168,2021-04-19,2021-04-21
Sheffield United,1606.05847168,2021-04-22,2021-04-24
Sheffield United,1616.48498535,2021-04-25,2021-04-26
Sheffield United,1616.48498535,2021-04-27,2021-04-27
Sheffield United,1617.23120117,2021-04-28,2021-04-28
Sheffield United,1618.57177734,2021-04-29,2021-04-29
Sheffield United,1618.84985352,2021-04-30,2021-05-02
Sheffield United,1612.84851074,2021-05-03,2021-05-04
Sheffield United,1614.01928711,2021-05-05,2021-05-05
Sheffield United,1618.79077148,2021-05-06,2021-05-06
Sheffield United,1616.25646973,2021-05-07,2021-05-08
Sheffield United,1606.74890137,2021-05-09,2021-05-09
Sheffield United,1606.74890137,2021-05-10,2021-05-11
Sheffield United,1606.74890137,2021-05-12,2021-05-12
Sheffield United,1606.74890137,2021-05-13,2021-05-15
Sheffield United,1606.74890137,2021-05-16,2021-05-16
Sheffield United,1619.75146484,2021-05-17,2021-05-17
Sheffield United,1619.75146484,2021-05-18,2021-05-19
Sheffield United,1614.3536377,2021-05-20,2021-05-22
Sheffield United,1614.3536377,2021-05-23,2021-05-23
Sheffield United,1624.80554199,2021-05-24,2021-05-26
Sheffield United,1623.86804199,2021-05-27,2021-05-30
Sheffield United,1623.86804199,2021-05-31,2021-06-03
Sheffield United,1623.86804199,2021-06-04,2021-07-01
Sheffield United,1623.86804199,2021-07-02,2021-08-03
Sheffield United,1623.86804199,2021-08-04,2021-08-05
Sheffield United,1623.86804199,2021-08-06,2021-08-06
Sheffield United,1623.86804199,2021-08-07,2021-08-07
Sheffield United,1610.57446289,2021-08-08,2021-08-14
Sheffield United,1609.80480957,2021-08-15,2021-08-15
Sheffield United,1609.80480957,2021-08-16,2021-08-18
Sheffield United,1595.37902832,2021-08-19,2021-08-19
Sheffield United,1594.42749023,2021-08-20,2021-08-21
Sheffield United,1582.30639648,2021-08-22,2021-08-26
Sheffield United,1583.5715332,2021-08-27,2021-08-28
Sheffield United,1581.18811035,2021-08-29,2021-09-11
Sheffield United,1589.45178223,2021-09-12,2021-09-14
Sheffield United,1582.85827637,2021-09-15,2021-09-15
Sheffield United,1585.15026855,2021-09-16,2021-09-16
Sheffield United,1585.74060059,2021-09-17,2021-09-18
Sheffield United,1592.87329102,2021-09-19,2021-09-25
Sheffield United,1597.16003418,2021-09-26,2021-09-28
Sheffield United,1582.12817383,2021-09-29,2021-09-29
Sheffield United,1580.44360352,2021-09-30,2021-09-30
Sheffield United,1577.23120117,2021-10-01,2021-10-02
Sheffield United,1571.20141602,2021-10-03,2021-10-16
Sheffield United,1577.43383789,2021-10-17,2021-10-19
Sheffield United,1570.01904297,2021-10-20,2021-10-20
Sheffield United,1573.03381348,2021-10-21,2021-10-21
Sheffield United,1569.67736816,2021-10-22,2021-10-24
Sheffield United,1576.48852539,2021-10-25,2021-10-30
Sheffield United,1564.73791504,2021-10-31,2021-11-02
Sheffield United,1563.86901855,2021-11-03,2021-11-03
Sheffield United,1566.12487793,2021-11-04,2021-11-04
Sheffield United,1562.51013184,2021-11-05,2021-11-06
Sheffield United,1550.64501953,2021-11-07,2021-11-20
Sheffield United,1548.53771973,2021-11-21,2021-11-23
Sheffield United,1561.78662109,2021-11-24,2021-11-24
Sheffield United,1564.33483887,2021-11-25,2021-11-25
Sheffield United,1560.69482422,2021-11-26,2021-11-28
Sheffield United,1566.85046387,2021-11-29,2021-12-04
Sheffield United,1574.16833496,2021-12-05,2021-12-07
Sheffield United,1571.82788086,2021-12-08,2021-12-08
Sheffield United,1567.93310547,2021-12-09,2021-12-09
Sheffield United,1561.77746582,2021-12-10,2021-12-20
Sheffield United,1573.38989258,2021-12-21,2022-01-15
Sheffield United,1559.51574707,2022-01-16,2022-01-18
Sheffield United,1558.9543457,2022-01-19,2022-01-22
Sheffield United,1567.45959473,2022-01-23,2022-01-29
Sheffield United,1573.61279297,2022-01-30,2022-02-04
Sheffield United,1579.16345215,2022-02-05,2022-02-09
Sheffield United,1588.3203125,2022-02-10,2022-02-12
Sheffield United,1587.30505371,2022-02-13,2022-02-15
Sheffield United,1583.21484375,2022-02-16,2022-02-16
Sheffield United,1585.25048828,2022-02-17,2022-02-17
Sheffield United,1585.68225098,2022-02-18,2022-02-19
Sheffield United,1595.77270508,2022-02-20,2022-02-22
Sheffield United,1596.80419922,2022-02-23,2022-02-23
Sheffield United,1603.04150391,2022-02-24,2022-02-24
Sheffield United,1603.38598633,2022-02-25,2022-02-25
Sheffield United,1603.38598633,2022-02-26,2022-02-26
Sheffield United,1594.12524414,2022-02-27,2022-03-04
Sheffield United,1591.69848633,2022-03-05,2022-03-08
Sheffield United,1601.00512695,2022-03-09,2022-03-09
Sheffield United,1601.28979492,2022-03-10,2022-03-10
Sheffield United,1602.18835449,2022-03-11,2022-03-12
Sheffield United,1584.22241211,2022-03-13,2022-03-15
Sheffield United,1580.1583252,2022-03-16,2022-03-16
Sheffield United,1579.60852051,2022-03-17,2022-03-17
Sheffield United,1584.53967285,2022-03-18,2022-03-19
Sheffield United,1589.98083496,2022-03-20,2022-04-02
Sheffield United,1580.48596191,2022-04-03,2022-04-05
Sheffield United,1586.87878418,2022-04-06,2022-04-06
Sheffield United,1583.53955078,2022-04-07,2022-04-07
Sheffield United,1581.97033691,2022-04-08,2022-04-09
Sheffield United,1581.34570312,2022-04-10,2022-04-12
Sheffield United,1581.86157227,2022-04-13,2022-04-13
Sheffield United,1582.87121582,2022-04-14,2022-04-14
Sheffield United,1590.79711914,2022-04-15,2022-04-15
Sheffield United,1577.89916992,2022-04-16,2022-04-18
Sheffield United,1574.89794922,2022-04-19,2022-04-23
Sheffield United,1579.88525391,2022-04-24,2022-04-26
Sheffield United,1580.74157715,2022-04-27,2022-04-27
Sheffield United,1581.49682617,2022-04-28,2022-04-28
Sheffield United,1578.14147949,2022-04-29,2022-04-29
Sheffield United,1588.3338623,2022-04-30,2022-05-03
Sheffield United,1588.93762207,2022-05-04,2022-05-04
Sheffield United,1584.15087891,2022-05-05,2022-05-05
Sheffield United,1578.36914062,2022-05-06,2022-05-07
Sheffield United,1596.72473145,2022-05-08,2022-05-14
Sheffield United,1587.52941895,2022-05-15,2022-05-17
Sheffield United,1597.6027832,2022-05-18,2022-05-28
Sheffield United,1594.54345703,2022-05-29,2022-08-01
Sheffield United,1587.32409668,2022-08-02,2022-08-06
Sheffield United,1595.50683594,2022-08-07,2022-08-14
Sheffield United,1594.55969238,2022-08-15,2022-08-17
Sheffield United,1597.81530762,2022-08-18,2022-08-18
Sheffield United,1598.08337402,2022-08-19,2022-08-20
Sheffield United,1606.6048584,2022-08-21,2022-08-25
Sheffield United,1607.07128906,2022-08-26,2022-08-26
Sheffield United,1606.24243164,2022-08-27,2022-08-30
Sheffield United,1612.83776855,2022-08-31,2022-09-03
Sheffield United,1612.83776855,2022-09-04,2022-09-04
Sheffield United,1620.8795166,2022-09-05,2022-09-06
Sheffield United,1619.72973633,2022-09-07,2022-09-07
Sheffield United,1615.10388184,2022-09-08,2022-09-08
Sheffield United,1612.87207031,2022-09-09,2022-09-11
Sheffield United,1612.87207031,2022-09-12,2022-09-13
Sheffield United,1616.26159668,2022-09-14,2022-09-14
Sheffield United,1615.54907227,2022-09-15,2022-09-15
Sheffield United,1617.62585449,2022-09-16,2022-09-16
Sheffield United,1617.62585449,2022-09-17,2022-09-17
Sheffield United,1627.06079102,2022-09-18,2022-10-01
Sheffield United,1620.59228516,2022-10-02,2022-10-04
Sheffield United,1608.43041992,2022-10-05,2022-10-05
Sheffield United,1611.98693848,2022-10-06,2022-10-06
Sheffield United,1614.75585938,2022-10-07,2022-10-08
Sheffield United,1600.09423828,2022-10-09,2022-10-09
Sheffield United,1600.09423828,2022-10-10,2022-10-11
Sheffield United,1601.29064941,2022-10-12,2022-10-12
Sheffield United,1604.45397949,2022-10-13,2022-10-13
Sheffield United,1606.17443848,2022-10-14,2022-10-14
Sheffield United,1606.17443848,2022-10-15,2022-10-15
Sheffield United,1600.859375,2022-10-16,2022-10-17
Sheffield United,1600.859375,2022-10-18,2022-10-19
Sheffield United,1590.98278809,2022-10-20,2022-10-20
Sheffield United,1591.85534668,2022-10-21,2022-10-22
Sheffield United,1589.49316406,2022-10-23,2022-10-25
Sheffield United,1589.77050781,2022-10-26,2022-10-26
Sheffield United,1591.19470215,2022-10-27,2022-10-27
Sheffield United,1587.43579102,2022-10-28,2022-10-29
Sheffield United,1597.88806152,2022-10-30,2022-10-30
Sheffield United,1597.88806152,2022-10-31,2022-11-01
Sheffield United,1607.47753906,2022-11-02,2022-11-02
Sheffield United,1608.72033691,2022-11-03,2022-11-03
Sheffield United,1612.07653809,2022-11-04,2022-11-04
Sheffield United,1612.07653809,2022-11-05,2022-11-05
Sheffield United,1627.3651123,2022-11-06,2022-11-06
Sheffield United,1627.3651123,2022-11-07,2022-11-07
Sheffield United,1627.3651123,2022-11-08,2022-11-08
Sheffield United,1613.5670166,2022-11-09,2022-11-09
Sheffield United,1613.5670166,2022-11-10,2022-11-12
Sheffield United,1619.15710449,2022-11-13,2022-11-13
Sheffield United,1619.15710449,2022-11-14,2022-12-10
Sheffield United,1623.35949707,2022-12-11,2022-12-19
Sheffield United,1627.69995117,2022-12-20,2022-12-20
Sheffield United,1627.69995117,2022-12-21,2022-12-26
Sheffield United,1634.32275391,2022-12-27,2022-12-29
Sheffield United,1638.77416992,2022-12-30,2022-12-30
Sheffield United,1638.77416992,2022-12-31,2023-01-02
Sheffield United,1635.62512207,2023-01-03,2023-01-06
Sheffield United,1635.62512207,2023-01-07,2023-01-08
Sheffield United,1635.62512207,2023-01-09,2023-01-14
Sheffield United,1641.13537598,2023-01-15,2023-01-20
Sheffield United,1644.38525391,2023-01-21,2023-01-21
Sheffield United,1644.38525391,2023-01-22,2023-01-29
Sheffield United,1644.38525391,2023-01-30,2023-01-30
Sheffield United,1644.38525391,2023-01-31,2023-02-04
Sheffield United,1640.0090332,2023-02-05,2023-02-05
Sheffield United,1640.0090332,2023-02-06,2023-02-11
Sheffield United,1647.24182129,2023-02-12,2023-02-12
Sheffield United,1647.24182129,2023-02-13,2023-02-14
Sheffield United,1645.89379883,2023-02-15,2023-02-15
Sheffield United,1628.890625,2023-02-16,2023-02-16
Sheffield United,1629.51086426,2023-02-17,2023-02-17
Sheffield United,1629.51086426,2023-02-18,2023-02-18
Sheffield United,1620.22229004,2023-02-19,2023-02-21
Sheffield United,1615.74438477,2023-02-22,2023-02-22
Sheffield United,1615.80859375,2023-02-23,2023-02-23
Sheffield United,1618.73779297,2023-02-24,2023-02-25
Sheffield United,1624.19934082,2023-02-26,2023-02-26
Sheffield United,1624.19934082,2023-02-27,2023-03-03
Sheffield United,1624.19934082,2023-03-04,2023-03-04
Sheffield United,1614.6439209,2023-03-05,2023-03-05
Sheffield United,1614.6439209,2023-03-06,2023-03-07
Sheffield United,1624.11523438,2023-03-08,2023-03-08
Sheffield United,1621.68652344,2023-03-09,2023-03-09
Sheffield United,1624.74536133,2023-03-10,2023-03-10
Sheffield United,1624.74536133,2023-03-11,2023-03-11
Sheffield United,1613.67089844,2023-03-12,2023-03-12
Sheffield United,1613.67089844,2023-03-13,2023-03-14
Sheffield United,1616.5480957,2023-03-15,2023-03-15
Sheffield United,1621.51586914,2023-03-16,2023-03-16
Sheffield United,1620.98144531,2023-03-17,2023-03-17
Sheffield United,1620.98144531,2023-03-18,2023-03-19
Sheffield United,1620.98144531,2023-03-20,2023-04-01
Sheffield United,1629.10925293,2023-04-02,2023-04-03
Sheffield United,1629.10925293,2023-04-04,2023-04-07
Sheffield United,1631.57006836,2023-04-08,2023-04-09
Sheffield United,1631.57006836,2023-04-10,2023-04-10
Sheffield United,1625.22021484,2023-04-11,2023-04-11
Sheffield United,1627.9979248,2023-04-12,2023-04-12
Sheffield United,1626.15100098,2023-04-13,2023-04-13
Sheffield United,1625.37976074,2023-04-14,2023-04-14
Sheffield United,1625.37976074,2023-04-15,2023-04-15
Sheffield United,1630.81091309,2023-04-16,2023-04-18
Sheffield United,1632.4519043,2023-04-19,2023-04-19
Sheffield United,1633.18334961,2023-04-20,2023-04-20
Sheffield United,1627.72546387,2023-04-21,2023-04-22
Sheffield United,1627.72546387,2023-04-23,2023-04-23
Sheffield United,1627.72546387,2023-04-24,2023-04-25
Sheffield United,1627.72546387,2023-04-26,2023-04-26
Sheffield United,1634.3482666,2023-04-27,2023-04-29
Sheffield United,1641.27490234,2023-04-30,2023-04-30
Sheffield United,1641.27490234,2023-05-01,2023-05-04
Sheffield United,1630.34118652,2023-05-05,2023-05-06
Sheffield United,1630.34118652,2023-05-07,2023-05-08
Sheffield United,1635.04541016,2023-05-09,2023-05-09
Sheffield United,1635.16821289,2023-05-10,2023-05-11
Sheffield United,1635.85742188,2023-05-12,2023-05-13
Sheffield United,1635.85742188,2023-05-14,2023-05-15
Sheffield United,1635.85742188,2023-05-16,2023-05-17
Sheffield United,1638.52441406,2023-05-18,2023-05-18
Sheffield United,1640.53149414,2023-05-19,2023-05-20
Sheffield United,1640.53149414,2023-05-21,2023-05-21
Sheffield United,1640.53149414,2023-05-22,2023-05-27
Sheffield United,1640.53149414,2023-05-28,2023-05-28
Sheffield United,1640.53149414,2023-05-29,2023-06-04
Sheffield United,1640.53149414,2023-06-05,2023-06-07
Sheffield United,1642.93432617,2023-06-08,2023-06-08
Sheffield United,1642.93432617,2023-06-09,2023-06-10
Sheffield United,1644.08129883,2023-06-11,2023-06-11
Sheffield United,1644.08129883,2023-06-12,2023-07-01
Sheffield United,1644.08129883,2023-07-02,2023-08-03
Sheffield United,1644.08129883,2023-08-04,2023-08-12
Sheffield United,1637.47949219,2023-08-13,2023-08-13
Sheffield United,1637.47949219,2023-08-14,2023-08-14
Sheffield United,1637.47949219,2023-08-15,2023-08-15
Sheffield United,1637.47949219,2023-08-16,2023-08-17
Sheffield United,1637.47949219,2023-08-18,2023-08-18
Sheffield United,1631.62023926,2023-08-19,2023-08-19
Sheffield United,1631.62023926,2023-08-20,2023-08-22
Sheffield United,1631.62023926,2023-08-23,2023-08-23
Sheffield United,1631.7701416,2023-08-24,2023-08-24
Sheffield United,1631.7701416,2023-08-25,2023-08-26
Sheffield United,1631.7701416,2023-08-27,2023-08-27
Sheffield United,1630.60888672,2023-08-28,2023-08-30
Sheffield United,1630.60888672,2023-08-31,2023-08-31
Sheffield United,1630.7019043,2023-09-01,2023-09-01
Sheffield United,1630.7019043,2023-09-02,2023-09-02
Sheffield United,1630.78259277,2023-09-03,2023-09-03
Sheffield United,1630.78259277,2023-09-04,2023-09-08
Sheffield United,1630.78259277,2023-09-09,2023-09-15
Sheffield United,1630.78259277,2023-09-16,2023-09-16
Sheffield United,1628.2779541,2023-09-17,2023-09-19
Sheffield United,1628.86425781,2023-09-20,2023-09-20
Sheffield United,1629.41467285,2023-09-21,2023-09-21
Sheffield United,1620.86791992,2023-09-22,2023-09-24
Sheffield United,1610.59851074,2023-09-25,2023-09-30
Sheffield United,1606.30712891,2023-10-01,2023-10-03
Sheffield United,1598.65942383,2023-10-04,2023-10-04
Sheffield United,1603.47949219,2023-10-05,2023-10-05
Sheffield United,1606.29992676,2023-10-06,2023-10-07
Sheffield United,1600.39245605,2023-10-08,2023-10-21
Sheffield United,1596.50280762,2023-10-22,2023-10-24
Sheffield United,1598.88354492,2023-10-25,2023-10-25
Sheffield United,1595.96459961,2023-10-26,2023-10-26
Sheffield United,1597.33032227,2023-10-27,2023-10-28
Sheffield United,1594.47802734,2023-10-29,2023-11-04
Sheffield United,1604.80383301,2023-11-05,2023-11-07
Sheffield United,1601.9510498,2023-11-08,2023-11-08
Sheffield United,1599.61633301,2023-11-09,2023-11-09
Sheffield United,1599.34814453,2023-11-10,2023-11-12
Sheffield United,1605.85876465,2023-11-13,2023-11-25
Sheffield United,1593.94702148,2023-11-26,2023-11-28
Sheffield United,1595.27526855,2023-11-29,2023-11-29
Sheffield United,1596.71655273,2023-11-30,2023-11-30
Sheffield United,1598.98413086,2023-12-01,2023-12-02
Sheffield United,1586.56091309,2023-12-03,2023-12-06
Sheffield United,1583.95422363,2023-12-07,2023-12-09
Sheffield United,1596.09179688,2023-12-10,2023-12-12
Sheffield United,1593.81140137,2023-12-13,2023-12-13
Sheffield United,1590.76794434,2023-12-14,2023-12-14
Sheffield United,1587.78222656,2023-12-15,2023-12-16
Sheffield United,1583.68334961,2023-12-17,2023-12-22
Sheffield United,1591.1887207,2023-12-23,2023-12-26
Sheffield United,1581.8046875,2023-12-27,2023-12-30
Sheffield United,1580.95605469,2023-12-31,2023-12-31
Sheffield United,1580.95605469,2024-01-01,2024-01-21
Sheffield United,1585.47253418,2024-01-22,2024-01-30
Sheffield United,1581.73840332,2024-01-31,2024-02-03
Sheffield United,1573.8828125,2024-02-04,2024-02-10
Sheffield United,1589.54638672,2024-02-11,2024-02-13
Sheffield United,1589.72106934,2024-02-14,2024-02-18
Sheffield United,1580.49084473,2024-02-19,2024-02-21
Sheffield United,1579.19970703,2024-02-22,2024-02-25
Sheffield United,1575.90454102,2024-02-26,2024-03-04
Sheffield United,1571.8404541,2024-03-05,2024-03-06
Sheffield United,1572.00463867,2024-03-07,2024-03-07
Sheffield United,1567.22338867,2024-03-08,2024-03-09
Sheffield United,1572.02880859,2024-03-10,2024-03-12
Sheffield United,1571.0189209,2024-03-13,2024-03-14
Sheffield United,1578.4642334,2024-03-15,2024-03-30
Sheffield United,1581.9699707,2024-03-31,2024-04-04
Sheffield United,1580.68774414,2024-04-05,2024-04-07
Sheffield United,1585.06677246,2024-04-08,2024-04-09
Sheffield United,1584.51965332,2024-04-10,2024-04-11
Sheffield United,1576.8638916,2024-04-12,2024-04-13
Sheffield United,1571.92932129,2024-04-14,2024-04-17
Sheffield United,1567.64379883,2024-04-18,2024-04-18
Sheffield United,1565.46728516,2024-04-19,2024-04-20
Sheffield United,1551.77490234,2024-04-21,2024-04-24
Sheffield United,1548.7923584,2024-04-25,2024-04-27
Sheffield United,1544.8536377,2024-04-28,2024-05-02
Sheffield United,1539.60168457,2024-05-03,2024-05-04
Sheffield United,1529.94934082,2024-05-05,2024-05-09
Sheffield United,1525.62780762,2024-05-10,2024-05-11
Sheffield United,1522.76000977,2024-05-12,2024-05-19
Sheffield United,1517.16918945,2024-05-20,2024-07-03
Sheffield United,1517.16918945,2024-07-04,2024-08-09
Sheffield United,1527.81347656,2024-08-10,2024-08-17
Sheffield United,1523.90380859,2024-08-18,2024-08-22
Sheffield United,1524.16784668,2024-08-23,2024-08-24
Sheffield United,1525.01037598,2024-08-25,2024-08-29
Sheffield United,1525.06665039,2024-08-30,2024-09-01
Sheffield United,1530.82958984,2024-09-02,2024-09-13
Sheffield United,1542.63647461,2024-09-14,2024-09-17
Sheffield United,1548.8013916,2024-09-18,2024-09-18
Sheffield United,1547.17785645,2024-09-19,2024-09-19
Sheffield United,1547.10656738,2024-09-20,2024-09-21
Sheffield United,1550.80993652,2024-09-22,2024-09-25
Sheffield United,1548.7791748,2024-09-26,2024-09-26
Sheffield United,1549.87658691,2024-09-27,2024-09-28
Sheffield United,1546.60498047,2024-09-29,2024-10-01
Sheffield United,1548.93688965,2024-10-02,2024-10-02
Sheffield United,1558.2487793,2024-10-03,2024-10-03
Sheffield United,1561.03918457,2024-10-04,2024-10-05
Sheffield United,1569.11474609,2024-10-06,2024-10-18
Sheffield United,1561.86633301,2024-10-19,2024-10-22
Sheffield United,1564.0904541,2024-10-23,2024-10-23
Sheffield United,1559.85290527,2024-10-24,2024-10-24
Sheffield United,1562.01550293,2024-10-25,2024-10-26
Sheffield United,1568.0748291,2024-10-27,2024-11-02
Sheffield United,1578.89416504,2024-11-03,2024-11-05
Sheffield United,1583.86047363,2024-11-06,2024-11-06
Sheffield United,1579.25964355,2024-11-07,2024-11-07
Sheffield United,1577.73547363,2024-11-08,2024-11-10
Sheffield United,1581.35656738,2024-11-11,2024-11-23
Sheffield United,1580.65576172,2024-11-24,2024-11-26
Sheffield United,1588.80273438,2024-11-27,2024-11-27
Sheffield United,1590.91711426,2024-11-28,2024-11-28
Sheffield United,1592.07397461,2024-11-29,2024-11-29
Sheffield United,1597.21533203,2024-11-30,2024-12-08
Sheffield United,1597.7421875,2024-12-09,2024-12-10
Sheffield United,1601.6796875,2024-12-11,2024-12-11
Sheffield United,1605.90185547,2024-12-12,2024-12-12
Sheffield United,1607.17773438,2024-12-13,2024-12-14
Sheffield United,1610.55627441,2024-12-15,2024-12-15
Sheffield United,1610.55627441,2024-12-16,2024-12-19
Sheffield United,1610.66674805,2024-12-20,2024-12-21
Sheffield United,1617.03015137,2024-12-22,2024-12-22
Sheffield United,1617.03015137,2024-12-23,2024-12-26
Sheffield United,1604.46191406,2024-12-27,2024-12-29
Sheffield United,1601.26757812,2024-12-30,2024-12-31
Sheffield United,1601.26757812,2025-01-01,2025-01-01
Sheffield United,1592.85400391,2025-01-02,2025-01-04
Sheffield United,1599.85339355,2025-01-05,2025-01-18
Sheffield United,1606.32849121,2025-01-19,2025-01-21
Sheffield United,1610.75109863,2025-01-22,2025-01-22
Sheffield United,1608.14831543,2025-01-23,2025-01-23
Sheffield United,1610.84313965,2025-01-24,2025-01-24
Sheffield United,1587.88623047,2025-01-25,2025-01-29
Sheffield United,1588.01513672,2025-01-30,2025-01-30
Sheffield United,1590.54443359,2025-01-31,2025-02-01
Sheffield United,1595.19018555,2025-02-02,2025-02-08
Sheffield United,1598.27197266,2025-02-09,2025-02-11
Sheffield United,1595.98132324,2025-02-12,2025-02-12
Sheffield United,1603.43041992,2025-02-13,2025-02-15
Sheffield United,1608.93261719,2025-02-16,2025-02-16
Sheffield United,1608.93261719,2025-02-17,2025-02-18
Sheffield United,1608.93261719,2025-02-19,2025-02-19
Sheffield United,1606.28649902,2025-02-20,2025-02-20
Sheffield United,1606.28649902,2025-02-21,2025-02-24
Sheffield United,1595.97888184,2025-02-25,2025-03-01
Sheffield United,1602.18835449,2025-03-02,2025-03-02
Sheffield United,1602.18835449,2025-03-03,2025-03-03
Sheffield United,1602.18835449,2025-03-04,2025-03-04
Sheffield United,1607.17871094,2025-03-05,2025-03-05
Sheffield United,1609.00891113,2025-03-06,2025-03-06
Sheffield United,1609.16162109,2025-03-07,2025-03-08
Sheffield United,1613.22045898,2025-03-09,2025-03-11
Sheffield United,1606.45446777,2025-03-12,2025-03-12
Sheffield United,1608.94396973,2025-03-13,2025-03-13
Sheffield United,1615.18383789,2025-03-14,2025-03-14
Sheffield United,1615.18383789,2025-03-15,2025-03-16
Sheffield United,1621.49816895,2025-03-17,2025-03-28
Sheffield United,1628.79785156,2025-03-29,2025-03-29
Sheffield United,1628.79785156,2025-03-30,2025-04-04
Sheffield United,1628.79785156,2025-04-05,2025-04-05
Sheffield United,1616.64465332,2025-04-06,2025-04-06
Sheffield United,1616.64465332,2025-04-07,2025-04-08
Sheffield United,1606.78503418,2025-04-09,2025-04-09
Sheffield United,1605.41125488,2025-04-10,2025-04-10
Sheffield United,1605.40966797,2025-04-11,2025-04-12
Sheffield United,1593.56213379,2025-04-13,2025-04-15
Sheffield United,1593.32897949,2025-04-16,2025-04-16
Sheffield United,1595.12573242,2025-04-17,2025-04-17
Sheffield United,1600.38012695,2025-04-18,2025-04-18
Sheffield United,1604.9342041,2025-04-19,2025-04-19
Sheffield United,1604.9342041,2025-04-20,2025-04-20
Sheffield United,1604.9342041,2025-04-21,2025-04-21
Sheffield United,1600.44958496,2025-04-22,2025-04-25
Sheffield United,1609.41442871,2025-04-26,2025-04-26
Sheffield United,1609.41442871,2025-04-27,2025-04-28
Sheffield United,1609.41442871,2025-04-29,2025-04-29
Sheffield United,1606.56335449,2025-04-30,2025-05-01
Sheffield United,1612.82910156,2025-05-02,2025-05-03
Sheffield United,1608.38684082,2025-05-04,2025-05-07
Sheffield United,1605.8651123,2025-05-08,2025-05-08
Sheffield United,1624.16711426,2025-05-09,2025-05-09
Sheffield United,1624.16711426,2025-05-10,2025-05-10
Sheffield United,1624.16711426,2025-05-11,2025-05-11
Sheffield United,1624.16711426,2025-05-12,2025-05-12
Sheffield United,1632.01477051,2025-05-13,2025-05-15
Sheffield United,1632.01477051,2025-05-16,2025-05-16
Sheffield United,1632.01477051,2025-05-17,2025-05-18
Sheffield United,1632.01477051,2025-05-19,2025-05-24
Sheffield United,1619.91540527,2025-05-25,2025-05-28
Sheffield United,1622.28320312,2025-05-29,2025-05-31
Sheffield United,1622.28320312,2025-06-01,2025-06-21
Sheffield United,1622.28320312,2025-06-22,2025-06-29
Sheffield United,1622.28320312,2025-06-30,2025-07-18
Sheffield United,1622.28320312,2025-07-19,2025-07-26
Sheffield United,1622.28320312,2025-07-27,2025-08-03
Sheffield United,1622.28320312,2025-08-04,2025-08-07
Sheffield United,1622.28320312,2025-08-08,2025-08-08
Sheffield United,1622.28320312,2025-08-09,2025-08-09
Sheffield United,1601.64208984,2025-08-10,2025-08-16
Sheffield United,1592.37426758,2025-08-17,2025-08-21
Sheffield United,1592.36364746,2025-08-22,2025-08-23
Sheffield United,1580.97253418,2025-08-24,2025-08-28
Sheffield United,1581.1595459,2025-08-29,2025-08-30
Sheffield United,1573.82214355,2025-08-31,2025-09-12
Sheffield United,1558.26879883,2025-09-13,2025-09-16
Sheffield United,1562.14404297,2025-09-17,2025-09-17
Sheffield United,1560.54650879,2025-09-18,2025-09-18
Sheffield United,1559.75024414,2025-09-19,2025-09-20
Sheffield United,1547.15356445,2025-09-21,2025-09-24
Sheffield United,1547.47045898,2025-09-25,2025-09-25
Sheffield United,1548.66113281,2025-09-26,2025-09-27
Sheffield United,1555.70141602,2025-09-28,2025-09-30
Sheffield United,1542.58166504,2025-10-01,2025-10-01
Sheffield United,1547.14587402,2025-10-02,2025-10-02
Sheffield United,1546.75036621,2025-10-03,2025-10-04
Sheffield United,1538.03063965,2025-10-05,2025-10-18
Sheffield United,1543.6204834,2025-10-19,2025-10-21
Sheffield United,1560.49255371,2025-10-22,2025-10-22
Sheffield United,1564.10791016,2025-10-23,2025-10-23
Sheffield United,1556.93615723,2025-10-24,2025-10-24
Sheffield United,1548.13305664,2025-10-25,2025-11-01
Sheffield United,1532.07861328,2025-11-02,2025-11-04
Sheffield United,1529.33459473,2025-11-05,2025-11-05
Sheffield United,1530.36340332,2025-11-06,2025-11-06
Sheffield United,1530.20019531,2025-11-07,2025-11-08
Sheffield United,1527.63256836,2025-11-09,2025-11-23
Sheffield United,1539.71240234,2025-11-24,2025-11-25
Sheffield United,1534.91674805,2025-11-26,2025-11-26
Sheffield United,1538.04821777,2025-11-27,2025-11-27
Sheffield United,1536.06713867,2025-11-28,2025-11-29
Sheffield United,1546.51306152,2025-11-30,2025-12-06
Sheffield United,1559.2755127,2025-12-07,2025-12-09
Sheffield United,1557.04858398,2025-12-10,2025-12-10
Sheffield United,1561.69970703,2025-12-11,2025-12-11
Sheffield United,1563.828125,2025-12-12,2025-12-12
Sheffield United,1552.22033691,2025-12-13,2025-12-18
Sheffield United,1549.46105957,2025-12-19,2025-12-20
Sheffield United,1557.90185547,2025-12-21,2025-12-26
Sheffield United,1545.34204102,2025-12-27,2025-12-29
Sheffield United,1554.17102051,2025-12-30,2025-12-31
Sheffield United,1554.17102051,2026-01-01,2026-01-01
Sheffield United,1563.8972168,2026-01-02,2026-01-17
Sheffield United,1554.47375488,2026-01-18,2026-01-20
Sheffield United,1555.02026367,2026-01-21,2026-01-21
Sheffield United,1552.99780273,2026-01-22,2026-01-22
Sheffield United,1551.99914551,2026-01-23,2026-01-24
Sheffield United,1564.57836914,2026-01-25,2026-01-28
Sheffield United,1572.30664062,2026-01-29,2026-01-29
Sheffield United,1573.26635742,2026-01-30,2026-01-31
Sheffield United,1574.43981934,2026-02-01,2026-02-03
Sheffield United,1580.13330078,2026-02-04,2026-02-09
Sheffield United,1571.56140137,2026-02-10,2026-02-14
Sheffield United,1578.421875,2026-02-15,2026-02-18
Sheffield United,1578.91491699,2026-02-19,2026-02-19
Sheffield United,1581.80163574,2026-02-20,2026-02-22
Sheffield United,1584.29138184,2026-02-23,2026-02-24
Sheffield United,1584.53088379,2026-02-25,2026-02-25
Sheffield United,1576.71398926,2026-02-26,2026-02-26
Sheffield United,1576.63269043,2026-02-27,2026-02-28
Sheffield United,1586.94580078,2026-03-01,2026-03-07
Sheffield United,1582.5847168,2026-03-08,2026-03-10
Sheffield United,1578.31994629,2026-03-11,2026-03-11
Sheffield United,1562.70080566,2026-03-12,2026-03-12
Sheffield United,1560.09472656,2026-03-13,2026-03-14
Sheffield United,1559.05688477,2026-03-15,2026-03-17
Sheffield United,1554.1640625,2026-03-18,2026-03-18
Sheffield United,1553.09387207,2026-03-19,2026-03-19
Sheffield United,1557.36828613,2026-03-20,2026-03-21
Sheffield United,1547.6706543,2026-03-22,2026-04-03
Sheffield United,1545.35412598,2026-04-04,2026-04-06
Sheffield United,1536.88830566,2026-04-07,2026-04-07
Sheffield United,1537.77478027,2026-04-08,2026-04-08
Sheffield United,1535.7956543,2026-04-09,2026-04-09
Sheffield United,1539.67675781,2026-04-10,2026-04-11
Sheffield United,1546.72680664,2026-04-12,2026-04-14
Sheffield United,1543.77416992,2026-04-15,2026-04-15
Sheffield United,1543.93383789,2026-04-16,2026-04-16
Sheffield United,1547.84143066,2026-04-17,2026-04-18
Sheffield United,1558.48413086,2026-04-19,2026-04-22
Sheffield United,1542.82873535,2026-04-23,2026-04-25
Sheffield United,1531.96850586,2026-04-26,2026-04-29
Sheffield United,1532.15222168,2026-04-30,2026-04-30
Sheffield United,1533.22680664,2026-05-01,2026-05-02
Sheffield United,1533.22680664,2026-05-03,2026-05-13
Sheffield United,1533.22680664,2026-05-14,2026-12-31
